"ITTER107","Territorio","TIPO_DATO15","Tipo di indicatore demografico","SEXISTAT1","Sesso","ETA1","Età","STATCIV2","Stato civile","TIME","Seleziona periodo","Value","Flag Codes","Flags"
"IT","Italia","JAN","popolazione al 1º gennaio","9","totale","TOTAL","totale","99","totale","2020","2020",60244639,"p","dato provvisorio"
"ITC1","Piemonte","JAN","popolazione al 1º gennaio","9","totale","TOTAL","totale","99","totale","2020","2020",4341375,"p","dato provvisorio"
"ITC11","Torino","JAN","popolazione al 1º gennaio","9","totale","TOTAL","totale","99","totale","2020","2020",2252379,"p","dato provvisorio"
"ITC12","Vercelli","JAN","popolazione al 1º gennaio","9","totale","TOTAL","totale","99","totale","2020","2020",170296,"p","dato provvisorio"
"ITC13","Biella","JAN","popolazione al 1º gennaio","9","totale","TOTAL","totale","99","totale","2020","2020",174384,"p","dato provvisorio"
"ITC14","Verbano-Cusio-Ossola","JAN","popolazione al 1º gennaio","9","totale","TOTAL","totale","99","totale","2020","2020",157455,"p","dato provvisorio"
"ITC15","Novara","JAN","popolazione al 1º gennaio","9","totale","TOTAL","totale","99","totale","2020","2020",368040,"p","dato provvisorio"
"ITC16","Cuneo","JAN","popolazione al 1º gennaio","9","totale","TOTAL","totale","99","totale","2020","2020",586568,"p","dato provvisorio"
"ITC17","Asti","JAN","popolazione al 1º gennaio","9","totale","TOTAL","totale","99","totale","2020","2020",213216,"p","dato provvisorio"
"ITC18","Alessandria","JAN","popolazione al 1º gennaio","9","totale","TOTAL","totale","99","totale","2020","2020",419037,"p","dato provvisorio"
"ITC2","Valle d'Aosta / Vallée d'Aoste","JAN","popolazione al 1º gennaio","9","totale","TOTAL","totale","99","totale","2020","2020",125501,"p","dato provvisorio"
"ITC20","Valle d'Aosta / Vallée d'Aoste","JAN","popolazione al 1º gennaio","9","totale","TOTAL","totale","99","totale","2020","2020",125501,"p","dato provvisorio"
"ITC3","Liguria","JAN","popolazione al 1º gennaio","9","totale","TOTAL","totale","99","totale","2020","2020",1543127,"p","dato provvisorio"
"ITC31","Imperia","JAN","popolazione al 1º gennaio","9","totale","TOTAL","totale","99","totale","2020","2020",213919,"p","dato provvisorio"
"ITC32","Savona","JAN","popolazione al 1º gennaio","9","totale","TOTAL","totale","99","totale","2020","2020",274183,"p","dato provvisorio"
"ITC33","Genova","JAN","popolazione al 1º gennaio","9","totale","TOTAL","totale","99","totale","2020","2020",835829,"p","dato provvisorio"
"ITC34","La Spezia","JAN","popolazione al 1º gennaio","9","totale","TOTAL","totale","99","totale","2020","2020",219196,"p","dato provvisorio"
"ITC4","Lombardia","JAN","popolazione al 1º gennaio","9","totale","TOTAL","totale","99","totale","2020","2020",10103969,"p","dato provvisorio"
"ITC41","Varese","JAN","popolazione al 1º gennaio","9","totale","TOTAL","totale","99","totale","2020","2020",892532,"p","dato provvisorio"
"ITC42","Como","JAN","popolazione al 1º gennaio","9","totale","TOTAL","totale","99","totale","2020","2020",603828,"p","dato provvisorio"
"ITC43","Lecco","JAN","popolazione al 1º gennaio","9","totale","TOTAL","totale","99","totale","2020","2020",337087,"p","dato provvisorio"
"ITC44","Sondrio","JAN","popolazione al 1º gennaio","9","totale","TOTAL","totale","99","totale","2020","2020",180941,"p","dato provvisorio"
"ITC45","Milano","JAN","popolazione al 1º gennaio","9","totale","TOTAL","totale","99","totale","2020","2020",3279944,"p","dato provvisorio"
"ITC46","Bergamo","JAN","popolazione al 1º gennaio","9","totale","TOTAL","totale","99","totale","2020","2020",1116384,"p","dato provvisorio"
"ITC47","Brescia","JAN","popolazione al 1º gennaio","9","totale","TOTAL","totale","99","totale","2020","2020",1268455,"p","dato provvisorio"
"ITC48","Pavia","JAN","popolazione al 1º gennaio","9","totale","TOTAL","totale","99","totale","2020","2020",546515,"p","dato provvisorio"
"ITC49","Lodi","JAN","popolazione al 1º gennaio","9","totale","TOTAL","totale","99","totale","2020","2020",230607,"p","dato provvisorio"
"ITC4A","Cremona","JAN","popolazione al 1º gennaio","9","totale","TOTAL","totale","99","totale","2020","2020",358347,"p","dato provvisorio"
"ITC4B","Mantova","JAN","popolazione al 1º gennaio","9","totale","TOTAL","totale","99","totale","2020","2020",411062,"p","dato provvisorio"
"ITDA","Trentino Alto Adige / Südtirol","JAN","popolazione al 1º gennaio","9","totale","TOTAL","totale","99","totale","2020","2020",1074819,"p","dato provvisorio"
"ITD1","Provincia Autonoma Bolzano / Bozen","JAN","popolazione al 1º gennaio","9","totale","TOTAL","totale","99","totale","2020","2020",532080,"p","dato provvisorio"
"ITD10","Bolzano / Bozen","JAN","popolazione al 1º gennaio","9","totale","TOTAL","totale","99","totale","2020","2020",532080,"p","dato provvisorio"
"ITD2","Provincia Autonoma Trento","JAN","popolazione al 1º gennaio","9","totale","TOTAL","totale","99","totale","2020","2020",542739,"p","dato provvisorio"
"ITD20","Trento","JAN","popolazione al 1º gennaio","9","totale","TOTAL","totale","99","totale","2020","2020",542739,"p","dato provvisorio"
"ITD3","Veneto","JAN","popolazione al 1º gennaio","9","totale","TOTAL","totale","99","totale","2020","2020",4907704,"p","dato provvisorio"
"ITD31","Verona","JAN","popolazione al 1º gennaio","9","totale","TOTAL","totale","99","totale","2020","2020",930339,"p","dato provvisorio"
"ITD32","Vicenza","JAN","popolazione al 1º gennaio","9","totale","TOTAL","totale","99","totale","2020","2020",862363,"p","dato provvisorio"
"ITD33","Belluno","JAN","popolazione al 1º gennaio","9","totale","TOTAL","totale","99","totale","2020","2020",201972,"p","dato provvisorio"
"ITD34","Treviso","JAN","popolazione al 1º gennaio","9","totale","TOTAL","totale","99","totale","2020","2020",888309,"p","dato provvisorio"
"ITD35","Venezia","JAN","popolazione al 1º gennaio","9","totale","TOTAL","totale","99","totale","2020","2020",851663,"p","dato provvisorio"
"ITD36","Padova","JAN","popolazione al 1º gennaio","9","totale","TOTAL","totale","99","totale","2020","2020",939672,"p","dato provvisorio"
"ITD37","Rovigo","JAN","popolazione al 1º gennaio","9","totale","TOTAL","totale","99","totale","2020","2020",233386,"p","dato provvisorio"
"ITD4","Friuli-Venezia Giulia","JAN","popolazione al 1º gennaio","9","totale","TOTAL","totale","99","totale","2020","2020",1211357,"p","dato provvisorio"
"ITD41","Pordenone","JAN","popolazione al 1º gennaio","9","totale","TOTAL","totale","99","totale","2020","2020",312619,"p","dato provvisorio"
"ITD42","Udine","JAN","popolazione al 1º gennaio","9","totale","TOTAL","totale","99","totale","2020","2020",526256,"p","dato provvisorio"
"ITD43","Gorizia","JAN","popolazione al 1º gennaio","9","totale","TOTAL","totale","99","totale","2020","2020",139206,"p","dato provvisorio"
"ITD44","Trieste","JAN","popolazione al 1º gennaio","9","totale","TOTAL","totale","99","totale","2020","2020",233276,"p","dato provvisorio"
"ITD5","Emilia-Romagna","JAN","popolazione al 1º gennaio","9","totale","TOTAL","totale","99","totale","2020","2020",4467118,"p","dato provvisorio"
"ITD51","Piacenza","JAN","popolazione al 1º gennaio","9","totale","TOTAL","totale","99","totale","2020","2020",287236,"p","dato provvisorio"
"ITD52","Parma","JAN","popolazione al 1º gennaio","9","totale","TOTAL","totale","99","totale","2020","2020",453930,"p","dato provvisorio"
"ITD53","Reggio nell'Emilia","JAN","popolazione al 1º gennaio","9","totale","TOTAL","totale","99","totale","2020","2020",531751,"p","dato provvisorio"
"ITD54","Modena","JAN","popolazione al 1º gennaio","9","totale","TOTAL","totale","99","totale","2020","2020",707292,"p","dato provvisorio"
"ITD55","Bologna","JAN","popolazione al 1º gennaio","9","totale","TOTAL","totale","99","totale","2020","2020",1017806,"p","dato provvisorio"
"ITD56","Ferrara","JAN","popolazione al 1º gennaio","9","totale","TOTAL","totale","99","totale","2020","2020",344840,"p","dato provvisorio"
"ITD57","Ravenna","JAN","popolazione al 1º gennaio","9","totale","TOTAL","totale","99","totale","2020","2020",389634,"p","dato provvisorio"
"ITD58","Forlì-Cesena","JAN","popolazione al 1º gennaio","9","totale","TOTAL","totale","99","totale","2020","2020",394833,"p","dato provvisorio"
"ITD59","Rimini","JAN","popolazione al 1º gennaio","9","totale","TOTAL","totale","99","totale","2020","2020",339796,"p","dato provvisorio"
"ITE1","Toscana","JAN","popolazione al 1º gennaio","9","totale","TOTAL","totale","99","totale","2020","2020",3722729,"p","dato provvisorio"
"ITE11","Massa-Carrara","JAN","popolazione al 1º gennaio","9","totale","TOTAL","totale","99","totale","2020","2020",193934,"p","dato provvisorio"
"ITE12","Lucca","JAN","popolazione al 1º gennaio","9","totale","TOTAL","totale","99","totale","2020","2020",388678,"p","dato provvisorio"
"ITE13","Pistoia","JAN","popolazione al 1º gennaio","9","totale","TOTAL","totale","99","totale","2020","2020",293059,"p","dato provvisorio"
"ITE14","Firenze","JAN","popolazione al 1º gennaio","9","totale","TOTAL","totale","99","totale","2020","2020",1004298,"p","dato provvisorio"
"ITE15","Prato","JAN","popolazione al 1º gennaio","9","totale","TOTAL","totale","99","totale","2020","2020",258152,"p","dato provvisorio"
"ITE16","Livorno","JAN","popolazione al 1º gennaio","9","totale","TOTAL","totale","99","totale","2020","2020",333509,"p","dato provvisorio"
"ITE17","Pisa","JAN","popolazione al 1º gennaio","9","totale","TOTAL","totale","99","totale","2020","2020",422310,"p","dato provvisorio"
"ITE18","Arezzo","JAN","popolazione al 1º gennaio","9","totale","TOTAL","totale","99","totale","2020","2020",341766,"p","dato provvisorio"
"ITE19","Siena","JAN","popolazione al 1º gennaio","9","totale","TOTAL","totale","99","totale","2020","2020",266238,"p","dato provvisorio"
"ITE1A","Grosseto","JAN","popolazione al 1º gennaio","9","totale","TOTAL","totale","99","totale","2020","2020",220785,"p","dato provvisorio"
"ITE2","Umbria","JAN","popolazione al 1º gennaio","9","totale","TOTAL","totale","99","totale","2020","2020",880285,"p","dato provvisorio"
"ITE21","Perugia","JAN","popolazione al 1º gennaio","9","totale","TOTAL","totale","99","totale","2020","2020",655403,"p","dato provvisorio"
"ITE22","Terni","JAN","popolazione al 1º gennaio","9","totale","TOTAL","totale","99","totale","2020","2020",224882,"p","dato provvisorio"
"ITE3","Marche","JAN","popolazione al 1º gennaio","9","totale","TOTAL","totale","99","totale","2020","2020",1518400,"p","dato provvisorio"
"ITE31","Pesaro e Urbino","JAN","popolazione al 1º gennaio","9","totale","TOTAL","totale","99","totale","2020","2020",357137,"p","dato provvisorio"
"ITE32","Ancona","JAN","popolazione al 1º gennaio","9","totale","TOTAL","totale","99","totale","2020","2020",469750,"p","dato provvisorio"
"ITE33","Macerata","JAN","popolazione al 1º gennaio","9","totale","TOTAL","totale","99","totale","2020","2020",312146,"p","dato provvisorio"
"ITE34","Ascoli Piceno","JAN","popolazione al 1º gennaio","9","totale","TOTAL","totale","99","totale","2020","2020",206363,"p","dato provvisorio"
"ITE4","Lazio","JAN","popolazione al 1º gennaio","9","totale","TOTAL","totale","99","totale","2020","2020",5865544,"p","dato provvisorio"
"ITE41","Viterbo","JAN","popolazione al 1º gennaio","9","totale","TOTAL","totale","99","totale","2020","2020",316142,"p","dato provvisorio"
"ITE42","Rieti","JAN","popolazione al 1º gennaio","9","totale","TOTAL","totale","99","totale","2020","2020",154232,"p","dato provvisorio"
"ITE43","Roma","JAN","popolazione al 1º gennaio","9","totale","TOTAL","totale","99","totale","2020","2020",4333274,"p","dato provvisorio"
"ITE44","Latina","JAN","popolazione al 1º gennaio","9","totale","TOTAL","totale","99","totale","2020","2020",576655,"p","dato provvisorio"
"ITE45","Frosinone","JAN","popolazione al 1º gennaio","9","totale","TOTAL","totale","99","totale","2020","2020",485241,"p","dato provvisorio"
"ITF1","Abruzzo","JAN","popolazione al 1º gennaio","9","totale","TOTAL","totale","99","totale","2020","2020",1305770,"p","dato provvisorio"
"ITF11","L'Aquila","JAN","popolazione al 1º gennaio","9","totale","TOTAL","totale","99","totale","2020","2020",296491,"p","dato provvisorio"
"ITF12","Teramo","JAN","popolazione al 1º gennaio","9","totale","TOTAL","totale","99","totale","2020","2020",307412,"p","dato provvisorio"
"ITF13","Pescara","JAN","popolazione al 1º gennaio","9","totale","TOTAL","totale","99","totale","2020","2020",318678,"p","dato provvisorio"
"ITF14","Chieti","JAN","popolazione al 1º gennaio","9","totale","TOTAL","totale","99","totale","2020","2020",383189,"p","dato provvisorio"
"ITF2","Molise","JAN","popolazione al 1º gennaio","9","totale","TOTAL","totale","99","totale","2020","2020",302265,"p","dato provvisorio"
"ITF21","Isernia","JAN","popolazione al 1º gennaio","9","totale","TOTAL","totale","99","totale","2020","2020",83586,"p","dato provvisorio"
"ITF22","Campobasso","JAN","popolazione al 1º gennaio","9","totale","TOTAL","totale","99","totale","2020","2020",218679,"p","dato provvisorio"
"ITF3","Campania","JAN","popolazione al 1º gennaio","9","totale","TOTAL","totale","99","totale","2020","2020",5785861,"p","dato provvisorio"
"ITF31","Caserta","JAN","popolazione al 1º gennaio","9","totale","TOTAL","totale","99","totale","2020","2020",922171,"p","dato provvisorio"
"ITF32","Benevento","JAN","popolazione al 1º gennaio","9","totale","TOTAL","totale","99","totale","2020","2020",274080,"p","dato provvisorio"
"ITF33","Napoli","JAN","popolazione al 1º gennaio","9","totale","TOTAL","totale","99","totale","2020","2020",3082905,"p","dato provvisorio"
"ITF34","Avellino","JAN","popolazione al 1º gennaio","9","totale","TOTAL","totale","99","totale","2020","2020",413926,"p","dato provvisorio"
"ITF35","Salerno","JAN","popolazione al 1º gennaio","9","totale","TOTAL","totale","99","totale","2020","2020",1092779,"p","dato provvisorio"
"ITF4","Puglia","JAN","popolazione al 1º gennaio","9","totale","TOTAL","totale","99","totale","2020","2020",4008296,"p","dato provvisorio"
"ITF41","Foggia","JAN","popolazione al 1º gennaio","9","totale","TOTAL","totale","99","totale","2020","2020",616310,"p","dato provvisorio"
"ITF42","Bari","JAN","popolazione al 1º gennaio","9","totale","TOTAL","totale","99","totale","2020","2020",1249246,"p","dato provvisorio"
"ITF43","Taranto","JAN","popolazione al 1º gennaio","9","totale","TOTAL","totale","99","totale","2020","2020",572772,"p","dato provvisorio"
"ITF44","Brindisi","JAN","popolazione al 1º gennaio","9","totale","TOTAL","totale","99","totale","2020","2020",390456,"p","dato provvisorio"
"ITF45","Lecce","JAN","popolazione al 1º gennaio","9","totale","TOTAL","totale","99","totale","2020","2020",791122,"p","dato provvisorio"
"ITF5","Basilicata","JAN","popolazione al 1º gennaio","9","totale","TOTAL","totale","99","totale","2020","2020",556934,"p","dato provvisorio"
"ITF51","Potenza","JAN","popolazione al 1º gennaio","9","totale","TOTAL","totale","99","totale","2020","2020",360936,"p","dato provvisorio"
"ITF52","Matera","JAN","popolazione al 1º gennaio","9","totale","TOTAL","totale","99","totale","2020","2020",195998,"p","dato provvisorio"
"ITF6","Calabria","JAN","popolazione al 1º gennaio","9","totale","TOTAL","totale","99","totale","2020","2020",1924701,"p","dato provvisorio"
"ITF61","Cosenza","JAN","popolazione al 1º gennaio","9","totale","TOTAL","totale","99","totale","2020","2020",700385,"p","dato provvisorio"
"ITF62","Crotone","JAN","popolazione al 1º gennaio","9","totale","TOTAL","totale","99","totale","2020","2020",170718,"p","dato provvisorio"
"ITF63","Catanzaro","JAN","popolazione al 1º gennaio","9","totale","TOTAL","totale","99","totale","2020","2020",354851,"p","dato provvisorio"
"ITF64","Vibo Valentia","JAN","popolazione al 1º gennaio","9","totale","TOTAL","totale","99","totale","2020","2020",157469,"p","dato provvisorio"
"ITF65","Reggio di Calabria","JAN","popolazione al 1º gennaio","9","totale","TOTAL","totale","99","totale","2020","2020",541278,"p","dato provvisorio"
"ITG1","Sicilia","JAN","popolazione al 1º gennaio","9","totale","TOTAL","totale","99","totale","2020","2020",4968410,"p","dato provvisorio"
"ITG11","Trapani","JAN","popolazione al 1º gennaio","9","totale","TOTAL","totale","99","totale","2020","2020",428377,"p","dato provvisorio"
"ITG12","Palermo","JAN","popolazione al 1º gennaio","9","totale","TOTAL","totale","99","totale","2020","2020",1243328,"p","dato provvisorio"
"ITG13","Messina","JAN","popolazione al 1º gennaio","9","totale","TOTAL","totale","99","totale","2020","2020",620721,"p","dato provvisorio"
"ITG15","Caltanissetta","JAN","popolazione al 1º gennaio","9","totale","TOTAL","totale","99","totale","2020","2020",260779,"p","dato provvisorio"
"ITG16","Enna","JAN","popolazione al 1º gennaio","9","totale","TOTAL","totale","99","totale","2020","2020",162368,"p","dato provvisorio"
"ITG17","Catania","JAN","popolazione al 1º gennaio","9","totale","TOTAL","totale","99","totale","2020","2020",1104974,"p","dato provvisorio"
"ITG18","Ragusa","JAN","popolazione al 1º gennaio","9","totale","TOTAL","totale","99","totale","2020","2020",321215,"p","dato provvisorio"
"ITG2","Sardegna","JAN","popolazione al 1º gennaio","9","totale","TOTAL","totale","99","totale","2020","2020",1630474,"p","dato provvisorio"
"ITG25","Sassari","JAN","popolazione al 1º gennaio","9","totale","TOTAL","totale","99","totale","2020","2020",489634,"p","dato provvisorio"
"ITG26","Nuoro","JAN","popolazione al 1º gennaio","9","totale","TOTAL","totale","99","totale","2020","2020",206843,"p","dato provvisorio"
"ITG27","Cagliari","JAN","popolazione al 1º gennaio","9","totale","TOTAL","totale","99","totale","2020","2020",430914,"p","dato provvisorio"
"IT109","Fermo","JAN","popolazione al 1º gennaio","9","totale","TOTAL","totale","99","totale","2020","2020",173004,"p","dato provvisorio"
"IT110","Barletta-Andria-Trani","JAN","popolazione al 1º gennaio","9","totale","TOTAL","totale","99","totale","2020","2020",388390,"p","dato provvisorio"
"ITG14","Agrigento","JAN","popolazione al 1º gennaio","9","totale","TOTAL","totale","99","totale","2020","2020",429611,"p","dato provvisorio"
"ITG19","Siracusa","JAN","popolazione al 1º gennaio","9","totale","TOTAL","totale","99","totale","2020","2020",397037,"p","dato provvisorio"
"ITG28","Oristano","JAN","popolazione al 1º gennaio","9","totale","TOTAL","totale","99","totale","2020","2020",156078,"p","dato provvisorio"
"IT108","Monza e della Brianza","JAN","popolazione al 1º gennaio","9","totale","TOTAL","totale","99","totale","2020","2020",878267,"p","dato provvisorio"
"IT111","Sud Sardegna","JAN","popolazione al 1º gennaio","9","totale","TOTAL","totale","99","totale","2020","2020",347005,"p","dato provvisorio"
